{
    "name": "root",
    "gauges": {
        "DroneObstacleCourse.Policy.Entropy.mean": {
            "value": 1.3414605855941772,
            "min": 1.3414605855941772,
            "max": 1.4161866903305054,
            "count": 10
        },
        "DroneObstacleCourse.Policy.Entropy.sum": {
            "value": 67102.5390625,
            "min": 67102.5390625,
            "max": 70959.453125,
            "count": 10
        },
        "DroneObstacleCourse.Environment.EpisodeLength.mean": {
            "value": 6.9046791021182425,
            "min": 6.9046791021182425,
            "max": 10.248313090418353,
            "count": 10
        },
        "DroneObstacleCourse.Environment.EpisodeLength.sum": {
            "value": 43679.0,
            "min": 43679.0,
            "max": 45564.0,
            "count": 10
        },
        "DroneObstacleCourse.Step.mean": {
            "value": 499996.0,
            "min": 49986.0,
            "max": 499996.0,
            "count": 10
        },
        "DroneObstacleCourse.Step.sum": {
            "value": 499996.0,
            "min": 49986.0,
            "max": 499996.0,
            "count": 10
        },
        "DroneObstacleCourse.Policy.ExtrinsicValueEstimate.mean": {
            "value": -0.8033028244972229,
            "min": -0.8848231434822083,
            "max": -0.7866252064704895,
            "count": 10
        },
        "DroneObstacleCourse.Policy.ExtrinsicValueEstimate.sum": {
            "value": -5081.69384765625,
            "min": -5081.69384765625,
            "max": -3789.15869140625,
            "count": 10
        },
        "DroneObstacleCourse.Environment.CumulativeReward.mean": {
            "value": -0.3540942143534619,
            "min": -0.9479189850879145,
            "max": -0.3306413301662708,
            "count": 10
        },
        "DroneObstacleCourse.Environment.CumulativeReward.sum": {
            "value": -2240.0,
            "min": -4259.0,
            "max": -2088.0,
            "count": 10
        },
        "DroneObstacleCourse.Policy.ExtrinsicReward.mean": {
            "value": -0.3540942143534619,
            "min": -0.9479189850879145,
            "max": -0.3306413301662708,
            "count": 10
        },
        "DroneObstacleCourse.Policy.ExtrinsicReward.sum": {
            "value": -2240.0,
            "min": -4259.0,
            "max": -2088.0,
            "count": 10
        },
        "DroneObstacleCourse.Losses.PolicyLoss.mean": {
            "value": 0.021802187300442408,
            "min": 0.021802187300442408,
            "max": 0.02577276146427418,
            "count": 10
        },
        "DroneObstacleCourse.Losses.PolicyLoss.sum": {
            "value": 0.10901093650221204,
            "min": 0.09358365043687324,
            "max": 0.1272097267152276,
            "count": 10
        },
        "DroneObstacleCourse.Losses.ValueLoss.mean": {
            "value": 0.4440124501784643,
            "min": 0.2134246331018706,
            "max": 0.5537881577014923,
            "count": 10
        },
        "DroneObstacleCourse.Losses.ValueLoss.sum": {
            "value": 2.2200622508923216,
            "min": 0.8536985324074824,
            "max": 2.7689407885074613,
            "count": 10
        },
        "DroneObstacleCourse.Policy.LearningRate.mean": {
            "value": 1.7131774289440008e-05,
            "min": 1.7131774289440008e-05,
            "max": 0.0002846133051289,
            "count": 10
        },
        "DroneObstacleCourse.Policy.LearningRate.sum": {
            "value": 8.565887144720003e-05,
            "min": 8.565887144720003e-05,
            "max": 0.0012846678717773996,
            "count": 10
        },
        "DroneObstacleCourse.Policy.Epsilon.mean": {
            "value": 0.10571055999999998,
            "min": 0.10571055999999998,
            "max": 0.19487110000000002,
            "count": 10
        },
        "DroneObstacleCourse.Policy.Epsilon.sum": {
            "value": 0.5285527999999999,
            "min": 0.45973280000000005,
            "max": 0.9282226,
            "count": 10
        },
        "DroneObstacleCourse.Policy.Beta.mean": {
            "value": 0.00029495694400000016,
            "min": 0.00029495694400000016,
            "max": 0.00474406789,
            "count": 10
        },
        "DroneObstacleCourse.Policy.Beta.sum": {
            "value": 0.0014747847200000008,
            "min": 0.0014747847200000008,
            "max": 0.021418307739999996,
            "count": 10
        },
        "DroneObstacleCourse.IsTraining.mean": {
            "value": 1.0,
            "min": 1.0,
            "max": 1.0,
            "count": 10
        },
        "DroneObstacleCourse.IsTraining.sum": {
            "value": 1.0,
            "min": 1.0,
            "max": 1.0,
            "count": 10
        },
        "DroneGoesUp.Policy.Entropy.mean": {
            "value": 1.4128774404525757,
            "min": 1.4128774404525757,
            "max": 1.4128774404525757,
            "count": 1
        },
        "DroneGoesUp.Policy.Entropy.sum": {
            "value": 70694.734375,
            "min": 70694.734375,
            "max": 70694.734375,
            "count": 1
        },
        "DroneGoesUp.Environment.EpisodeLength.mean": {
            "value": 10.492417279411764,
            "min": 10.492417279411764,
            "max": 10.492417279411764,
            "count": 1
        },
        "DroneGoesUp.Environment.EpisodeLength.sum": {
            "value": 45663.0,
            "min": 45663.0,
            "max": 45663.0,
            "count": 1
        },
        "DroneGoesUp.Step.mean": {
            "value": 49993.0,
            "min": 49993.0,
            "max": 49993.0,
            "count": 1
        },
        "DroneGoesUp.Step.sum": {
            "value": 49993.0,
            "min": 49993.0,
            "max": 49993.0,
            "count": 1
        },
        "DroneGoesUp.Policy.ExtrinsicValueEstimate.mean": {
            "value": -0.7088322043418884,
            "min": -0.7088322043418884,
            "max": -0.7088322043418884,
            "count": 1
        },
        "DroneGoesUp.Policy.ExtrinsicValueEstimate.sum": {
            "value": -3084.12890625,
            "min": -3084.12890625,
            "max": -3084.12890625,
            "count": 1
        },
        "DroneGoesUp.Environment.CumulativeReward.mean": {
            "value": -0.9342679843714089,
            "min": -0.9342679843714089,
            "max": -0.9342679843714089,
            "count": 1
        },
        "DroneGoesUp.Environment.CumulativeReward.sum": {
            "value": -4065.0,
            "min": -4065.0,
            "max": -4065.0,
            "count": 1
        },
        "DroneGoesUp.Policy.ExtrinsicReward.mean": {
            "value": -0.9342679843714089,
            "min": -0.9342679843714089,
            "max": -0.9342679843714089,
            "count": 1
        },
        "DroneGoesUp.Policy.ExtrinsicReward.sum": {
            "value": -4065.0,
            "min": -4065.0,
            "max": -4065.0,
            "count": 1
        },
        "DroneGoesUp.Losses.PolicyLoss.mean": {
            "value": 0.022315867527504453,
            "min": 0.022315867527504453,
            "max": 0.022315867527504453,
            "count": 1
        },
        "DroneGoesUp.Losses.PolicyLoss.sum": {
            "value": 0.08926347011001781,
            "min": 0.08926347011001781,
            "max": 0.08926347011001781,
            "count": 1
        },
        "DroneGoesUp.Losses.ValueLoss.mean": {
            "value": 0.27951680347323415,
            "min": 0.27951680347323415,
            "max": 0.27951680347323415,
            "count": 1
        },
        "DroneGoesUp.Losses.ValueLoss.sum": {
            "value": 1.1180672138929366,
            "min": 1.1180672138929366,
            "max": 1.1180672138929366,
            "count": 1
        },