{"count":1,"self":523.7243392,"total":3332.3192964,"children":{"InitializeActuators":{"count":16,"self":0.0015248999999999998,"total":0.0015248999999999998,"children":null},"InitializeSensors":{"count":16,"self":0.0046207999999999996,"total":0.0046207999999999996,"children":null},"AgentSendState":{"count":125034,"self":118.19470079999999,"total":188.01592119999998,"children":{"CollectObservations":{"count":2000544,"self":4.8803747999999993,"total":4.8803747999999993,"children":null},"WriteActionMask":{"count":2000544,"self":1.797054,"total":1.7970541,"children":null},"RequestDecision":{"count":2000544,"self":8.9843888,"total":63.143794299999996,"children":{"AgentInfo.ToProto":{"count":2000544,"self":6.774312,"total":54.1594056,"children":{"GenerateSensorData":{"count":2000544,"self":35.6442176,"total":47.3850936,"children":{"RayPerceptionSensor.Perceive":{"count":4001088,"self":11.7408752,"total":11.740874999999999,"children":null}}}}}}}}},"DecideAction":{"count":125034,"self":2617.7718271999997,"total":2617.7718709,"children":null},"AgentAct":{"count":125034,"self":1.9825599999999999,"total":1.9825598999999998,"children":null},"AgentInfo.ToProto":{"count":12889,"self":0.210253,"total":0.8173764,"children":{"GenerateSensorData":{"count":12889,"self":0.48075779999999996,"total":0.6071234,"children":{"RayPerceptionSensor.Perceive":{"count":25778,"self":0.1263656,"total":0.1263656,"children":null}}}}}},"gauges":{"BasicCourseFour.CumulativeReward":{"count":12889,"max":7.60000038,"min":-2,"runningAverage":-0.06129232,"value":0.4000001,"weightedAverage":0.0466118529}},"metadata":{"timer_format_version":"0.1.0","start_time_seconds":"1734825079","unity_version":"2022.3.45f1","command_line_arguments":"C:\\Program Files\\Unity\\Hub\\Editor\\2022.3.45f1\\Editor\\Unity.exe -projectpath C:\\Users\\ikwoo\\Documents\\GitHub\\AIDroneMachineLearning\\AIDroneMachineLearning -useHub -hubIPC -cloudEnvironment production -licensingIpc LicenseClient-ikwoo -hubSessionId 89c1d743-3d25-4030-afce-8df17a2ced3e -accessToken 5ZZbv65aegjG3OrNxBUuUetWjl80zIMexMj-M2AYsfY008f","communication_protocol_version":"1.5.0","com.unity.ml-agents_version":"2.0.1","scene_name":"AIDroneML","end_time_seconds":"1734828412"}}