{"count":1,"self":661.209088,"total":7147.5024878999993,"children":{"InitializeActuators":{"count":16,"self":0.0005113,"total":0.0005113,"children":null},"InitializeSensors":{"count":16,"self":0.0020069,"total":0.0020069,"children":null},"AgentSendState":{"count":250051,"self":278.27632639999996,"total":437.4488819,"children":{"CollectObservations":{"count":4000816,"self":11.353892,"total":11.353892199999999,"children":null},"WriteActionMask":{"count":4000816,"self":4.2062344,"total":4.2062343,"children":null},"RequestDecision":{"count":4000816,"self":21.0773424,"total":143.6124206,"children":{"AgentInfo.ToProto":{"count":4000816,"self":15.854695999999999,"total":122.53507859999999,"children":{"GenerateSensorData":{"count":4000816,"self":78.7015488,"total":106.68038329999999,"children":{"RayPerceptionSensor.Perceive":{"count":8001632,"self":27.9788352,"total":27.978835699999998,"children":null}}}}}}}}},"DecideAction":{"count":250051,"self":6042.2496255999995,"total":6042.2496317999994,"children":null},"AgentAct":{"count":250051,"self":4.7570024,"total":4.7570025,"children":null},"AgentInfo.ToProto":{"count":27307,"self":0.4469496,"total":1.8328381,"children":{"GenerateSensorData":{"count":27307,"self":1.1151488999999999,"total":1.3858884999999999,"children":{"RayPerceptionSensor.Perceive":{"count":54614,"self":0.27073959999999997,"total":0.27073959999999997,"children":null}}}}}},"gauges":{"BasicCourseFour.CumulativeReward":{"count":27307,"max":7.60000038,"min":-2,"runningAverage":0.288264036,"value":1.00000024,"weightedAverage":0.670232534}},"metadata":{"timer_format_version":"0.1.0","start_time_seconds":"1734908497","unity_version":"2022.3.45f1","command_line_arguments":"C:\\Program Files\\Unity\\Hub\\Editor\\2022.3.45f1\\Editor\\Unity.exe -projectpath C:\\Users\\ikwoo\\Documents\\GitHub\\AIDroneMachineLearning\\AIDroneMachineLearning -useHub -hubIPC -cloudEnvironment production -licensingIpc LicenseClient-ikwoo -hubSessionId 4b285900-c332-49e0-9778-0660189fdbc7 -accessToken cFrGOxbAy5vU7xub83gsg8815xQLIORdqEcFgRR07_g008f","communication_protocol_version":"1.5.0","com.unity.ml-agents_version":"2.0.1","scene_name":"AIDroneML","end_time_seconds":"1734915644"}}