{"count":1,"self":368.2523648,"total":2323.7072731,"children":{"InitializeActuators":{"count":16,"self":0.0027374,"total":0.0027374,"children":null},"InitializeSensors":{"count":16,"self":0.0041078999999999994,"total":0.0041078999999999994,"children":null},"AgentSendState":{"count":93934,"self":79.5353408,"total":127.43759089999999,"children":{"CollectObservations":{"count":1502944,"self":3.3971228,"total":3.3971226999999997,"children":null},"WriteActionMask":{"count":1502944,"self":1.168518,"total":1.168518,"children":null},"RequestDecision":{"count":1502944,"self":6.0619635999999995,"total":43.336606599999996,"children":{"AgentInfo.ToProto":{"count":1502944,"self":4.5619624,"total":37.274643,"children":{"GenerateSensorData":{"count":1502944,"self":24.183884799999998,"total":32.7126805,"children":{"RayPerceptionSensor.Perceive":{"count":3005888,"self":8.528796,"total":8.5287963,"children":null}}}}}}}}},"DecideAction":{"count":93934,"self":1826.1690368,"total":1826.1691177999999,"children":null},"AgentAct":{"count":93934,"self":1.4548853,"total":1.4700285,"children":{"AgentInfo.ToProto":{"count":516,"self":0.0010203999999999999,"total":0.015143199999999999,"children":{"GenerateSensorData":{"count":516,"self":0.0120694,"total":0.0141228,"children":{"RayPerceptionSensor.Perceive":{"count":1032,"self":0.0020534,"total":0.0020534,"children":null}}}}}}},"AgentInfo.ToProto":{"count":6560,"self":0.081982199999999991,"total":0.3713294,"children":{"GenerateSensorData":{"count":6560,"self":0.22879139999999998,"total":0.28934719999999997,"children":{"RayPerceptionSensor.Perceive":{"count":13120,"self":0.0605558,"total":0.0605558,"children":null}}}}}},"gauges":{"BasicCourseFour.CumulativeReward":{"count":7076,"max":2.80000019,"min":-2.29999971,"runningAverage":-0.3106554,"value":-0.5999999,"weightedAverage":-0.423722237}},"metadata":{"timer_format_version":"0.1.0","start_time_seconds":"1735066571","unity_version":"2022.3.45f1","command_line_arguments":"C:\\Program Files\\Unity\\Hub\\Editor\\2022.3.45f1\\Editor\\Unity.exe -projectpath C:\\Users\\ikwoo\\Documents\\GitHub\\AIDroneMachineLearning\\AIDroneMachineLearning -useHub -hubIPC -cloudEnvironment production -licensingIpc LicenseClient-ikwoo -hubSessionId de485751-5301-4b75-8a90-798d0257fad6 -accessToken QOemu0-GVSs_esBesihB1_bZ5i14XYu02o8Cas-it3w008f","communication_protocol_version":"1.5.0","com.unity.ml-agents_version":"2.0.1","scene_name":"AIDroneML","end_time_seconds":"1735068895"}}