{"count":1,"self":851.8722048,"total":1952.3769052999999,"children":{"InitializeActuators":{"count":16,"self":0.0010064,"total":0.0010064,"children":null},"InitializeSensors":{"count":16,"self":0.0020109999999999998,"total":0.0020109999999999998,"children":null},"AgentSendState":{"count":409984,"self":4.1135528,"total":16.7202438,"children":{"CollectObservations":{"count":1311952,"self":1.7361107999999998,"total":1.7361109,"children":null},"WriteActionMask":{"count":1311952,"self":0.68190719999999994,"total":0.68190719999999994,"children":null},"RequestDecision":{"count":1311952,"self":3.2044888,"total":10.1886729,"children":{"AgentInfo.ToProto":{"count":1311952,"self":2.6649992,"total":6.984184,"children":{"GenerateSensorData":{"count":1311952,"self":4.3191847999999995,"total":4.3191847999999995,"children":null}}}}}}},"DecideAction":{"count":409984,"self":1078.606336,"total":1078.6063752,"children":null},"AgentAct":{"count":409984,"self":3.550204,"total":3.5502040999999998,"children":null},"AgentInfo.ToProto":{"count":89582,"self":0.74542009999999992,"total":1.6248479,"children":{"GenerateSensorData":{"count":89582,"self":0.8794278,"total":0.8794278,"children":null}}}},"gauges":{"DroneObstacleCourse.CumulativeReward":{"count":89582,"max":1.00000024,"min":-2,"runningAverage":-0.658002436,"value":-0.8,"weightedAverage":-0.677086949}},"metadata":{"timer_format_version":"0.1.0","start_time_seconds":"1733409033","unity_version":"2022.3.45f1","command_line_arguments":"C:\\Program Files\\Unity\\Hub\\Editor\\2022.3.45f1\\Editor\\Unity.exe -projectpath C:\\Users\\ikwoo\\Documents\\GitHub\\AIDroneMachineLearning\\AIDroneMachineLearning -useHub -hubIPC -cloudEnvironment production -licensingIpc LicenseClient-ikwoo -hubSessionId 601965b9-1750-4b00-a6d7-0c1495f15771 -accessToken z9WyeDDPBumqG63SpCOV5F7ENwQNEGOz7OLiXzuOTCY008f","communication_protocol_version":"1.5.0","com.unity.ml-agents_version":"2.0.1","scene_name":"AIDroneML","end_time_seconds":"1733410985"}}